Model 1,Metric,H Statistic,P Value
All Models,maintainability issues,9.875623410573505,0.01965351432597601
All Models,technical debt,8.919648592280922,0.03037849981263744
